{
	"format_version": "1.8.0",
	"animations": {
		"animation.player_to_individuation.standby_animation.0": {
			"loop": true,
			"animation_length": 4,
			"bones": {
				"headCheek": {
					"rotation": [5, -15, 0]
				},
				"eyelidLeft": {
					"position": [-0.1, 0.1, 0],
					"scale": {
						"0.0": [1, 0.7, 1],
						"2.8333": [1, 0.7, 1],
						"3.0": [1, 0.75, 1],
						"3.1667": [1, 0.7, 1],
						"3.25": [1, 0.7, 1],
						"3.4167": [1, 0.75, 1],
						"3.5833": [1, 0.7, 1]
					}
				},
				"eyelidLeftIris": {
					"position": [-0.1, 0, 0]
				},
				"ysmGlowLeftPupil": {
					"position": [-0.2, 0, 0]
				},
				"eyelidRight": {
					"position": {
						"0.0": [0.1, 0.1, 0],
						"2.8333": [0.1, 0.1, 0]
					},
					"scale": {
						"0.0": [1, 0.7, 1],
						"2.8333": [1, 0.7, 1],
						"3.0": [1, 0.75, 1],
						"3.1667": [1, 0.7, 1],
						"3.25": [1, 0.7, 1],
						"3.4167": [1, 0.75, 1],
						"3.5833": [1, 0.7, 1]
					}
				},
				"eyelidRightIris": {
					"position": [-0.3, 0, 0]
				},
				"ysmGlowRightPupil": {
					"position": [-0.2, 0, 0]
				},
				"leftArm": {
					"rotation": [-15, 0, 0]
				},
				"leftForeArm": {
					"rotation": [-110, 0, 0]
				},
				"leftHand": {
					"rotation": [32.89913, -12.67956, 18.74227]
				},
				"rightArm": {
					"rotation": {
						"0.0": [-33.95658, -24.1782, 18.32252],
						"0.5": [-33.96, -24.18, 18.32],
						"1.0": [-26.8652, -26.52217, 13.43094],
						"2.0": [-26.8652, -26.52217, 13.43094],
						"2.5": [-33.96, -24.18, 18.32]
					}
				},
				"rightForeArm": {
					"rotation": {
						"0.0": [-122.52473, -2.10829, 1.34386],
						"0.5": [-127.5, 0, 0],
						"1.0": [-140.10753, 3.21154, -3.83424],
						"2.0": [-140.10753, 3.21154, -3.83424],
						"2.5": [-127.5, 0, 0],
						"4.0": [-122.52473, -2.10829, 1.34386]
					}
				},
				"rightHand": {
					"rotation": {
						"0.0": [10, 0, 0],
						"0.5": [10, 0, 0],
						"1.0": [4.11662, -10.66083, -3.52556],
						"2.0": [4.11662, -10.66083, -3.52556],
						"2.5": [10, 0, 0]
					}
				},
				"cupSet": {
					"rotation": {
						"0.0": [53.68792, -8.98199, -42.0926],
						"0.5": [53.69, -8.98, -42.09],
						"1.0": [53.69, -8.98, -42.09],
						"2.0": [53.69, -8.98, -42.09],
						"2.5": [53.69, -8.98, -42.09]
					},
					"position": {
						"0.0": [2.18498, 0.93611, 1.12675],
						"0.5": [2.18, 0.94, 1.13],
						"1.0": [2.18, 0.94, 1.13],
						"2.0": [2.18, 0.94, 1.13],
						"2.5": [2.18, 0.94, 1.13]
					}
				},
				"coaster": {
					"rotation": {
						"0.0": [3.99757, 0.13948, -6.99513],
						"0.5": [4, 0.14, -7],
						"1.0": [16.48412, -0.38288, 0.48179],
						"2.0": [16.48412, -0.38288, 0.48179],
						"2.5": [4, 0.14, -7],
						"4.0": [3.99757, 0.13948, -6.99513]
					},
					"position": {
						"0.0": [0.98831, -1.19388, 0.16762],
						"0.5": [0.99, -2.09, 0.17],
						"1.0": [0.99, -3.29, 0.17],
						"2.0": [0.99, -3.39, 0.17],
						"2.5": [0.99, -1.99, 0.17],
						"4.0": [0.98831, -1.19388, 0.16762]
					}
				},
				"mouth_0": {
					"position": [0, 0, -0.7]
				},
				"eyebrowRight": {
					"rotation": [0, 0, -10],
					"position": {
						"0.0": [0, -0.5, 0],
						"2.8333": [0, -0.5, 0],
						"3.0": [0, -0.4, 0],
						"3.1667": [0, -0.5, 0],
						"3.25": [0, -0.5, 0],
						"3.4167": [0, -0.4, 0],
						"3.5833": [0, -0.5, 0]
					}
				},
				"eyebrowLeft": {
					"rotation": [0, 0, 10],
					"position": {
						"0.0": [0, -0.5, 0],
						"2.8333": [0, -0.5, 0],
						"3.0": [0, -0.4, 0],
						"3.1667": [0, -0.5, 0],
						"3.25": [0, -0.5, 0],
						"3.4167": [0, -0.4, 0],
						"3.5833": [0, -0.5, 0]
					}
				},
				"leftItem": {
					"scale": 0
				},
				"rightItem": {
					"scale": 0
				},
				"tail_0": {
					"rotation": ["-35 + (math.cos(q.life_time * 50) * 10)", "(math.cos(q.life_time * 10) * 20)", 0]
				},
				"tail_1": {
					"rotation": ["37.5 + (math.cos(q.life_time * 50) * 10)", 0, 0]
				},
				"tail_2": {
					"rotation": ["32.5 + (math.cos(q.life_time * 50) * 10)", 0, 0]
				},
				"tail_3": {
					"rotation": ["20 + (math.cos(q.life_time * 50) * 10)", 0, 0]
				},
				"tail_4": {
					"rotation": ["22.5 + (math.cos(q.life_time * 50) * 10)", 0, 0]
				},
				"tail_5": {
					"rotation": ["27.5 + (math.cos(q.life_time * 50) * 10)", 0, 0]
				}
			},
			"timeline": {
				"0.0833": "v.standby_animation = 2;"
			}
		},
		"animation.player_to_individuation.standby_animation.1": {
			"loop": true,
			"animation_length": 2,
			"bones": {
				"whole": {
					"position": {
						"0.0": [0, 0, 0],
						"0.1667": [0, 0.0717, 0],
						"0.625": [0, 0.68845, 0],
						"0.8333": [0, 0.9283, 0],
						"1.0": [0, 1, 0],
						"1.1667": [0, 0.93716, 0],
						"1.5833": [0, 0.36846, 0],
						"1.7917": [0, 0.09889, 0],
						"1.9583": [0, 0.00269, 0],
						"2.0": [0, 0, 0]
					}
				},
				"upperBody": {
					"rotation": {
						"0.0": [5, 0, 0],
						"0.5417": [4.15855, 0, 0],
						"1.0": [3.5, 0, 0],
						"1.5417": [4.34654, 0, 0],
						"2.0": [5, 0, 0]
					}
				},
				"chest": {
					"rotation": {
						"0.0": [-9.52, 0, 0],
						"0.0417": [-9.64, 0, 0],
						"0.0833": [-9.74, 0, 0],
						"0.125": [-9.83, 0, 0],
						"0.1667": [-9.9, 0, 0],
						"0.2083": [-9.95, 0, 0],
						"0.25": [-9.98, 0, 0],
						"0.2917": [-10, 0, 0],
						"0.3333": [-10, 0, 0],
						"0.375": [-9.97, 0, 0],
						"0.4167": [-9.93, 0, 0],
						"0.4583": [-9.87, 0, 0],
						"0.5": [-9.78, 0, 0],
						"0.5417": [-9.68, 0, 0],
						"0.5833": [-9.56, 0, 0],
						"0.625": [-9.42, 0, 0],
						"0.6667": [-9.26, 0, 0],
						"0.7083": [-9.1, 0, 0],
						"0.75": [-8.93, 0, 0],
						"0.7917": [-8.75, 0, 0],
						"0.8333": [-8.57, 0, 0],
						"0.875": [-8.4, 0, 0],
						"0.9167": [-8.24, 0, 0],
						"0.9583": [-8.08, 0, 0],
						"1.0": [-7.94, 0, 0],
						"1.0417": [-7.82, 0, 0],
						"1.0833": [-7.72, 0, 0],
						"1.125": [-7.63, 0, 0],
						"1.1667": [-7.57, 0, 0],
						"1.2083": [-7.53, 0, 0],
						"1.25": [-7.5, 0, 0],
						"1.2917": [-7.5, 0, 0],
						"1.3333": [-7.52, 0, 0],
						"1.375": [-7.55, 0, 0],
						"1.4167": [-7.6, 0, 0],
						"1.4583": [-7.67, 0, 0],
						"1.5": [-7.76, 0, 0],
						"1.5417": [-7.86, 0, 0],
						"1.5833": [-7.98, 0, 0],
						"1.625": [-8.12, 0, 0],
						"1.6667": [-8.27, 0, 0],
						"1.7083": [-8.42, 0, 0],
						"1.75": [-8.58, 0, 0],
						"1.7917": [-8.75, 0, 0],
						"1.8333": [-8.92, 0, 0],
						"1.875": [-9.08, 0, 0],
						"1.9167": [-9.23, 0, 0],
						"1.9583": [-9.38, 0, 0],
						"2.0": [-9.52, 0, 0]
					}
				},
				"headCheek": {
					"rotation": [7.5, 0, -12.5]
				},
				"bangs": {
					"rotation": {
						"0.0": [0, 0, 2.5],
						"0.5417": [0, 0, -0.2632],
						"0.9167": [0, 0, -2.26648],
						"1.0": [0, 0, -2.5],
						"1.5417": [0, 0, 0.33662],
						"1.8333": [0, 0, 2.27062],
						"2.0": [0, 0, 2.5]
					}
				},
				"DaiMao": {
					"rotation": {
						"0.0": [0, 0, 0],
						"0.0417": [0.0741, 0.1178, 0.06382],
						"0.0833": [0.07964, 0.07862, 0.06836],
						"0.125": [0.04538, -0.09538, 0.01927],
						"0.5833": [-1.12446, -6.50436, -2.49275],
						"0.75": [-1.57208, -8.95884, -3.45923],
						"0.875": [-1.80369, -10.10933, -3.87192],
						"0.9167": [-1.83796, -10.28333, -3.92101],
						"0.9583": [-1.83242, -10.32251, -3.91646],
						"1.0": [-1.75831, -10.20471, -3.85265],
						"1.5417": [-0.81941, -4.57864, -1.73403],
						"1.8333": [-0.36822, -1.23986, -0.49903],
						"2.0": [0, 0, 0]
					}
				},
				"HatRibbon": {
					"rotation": {
						"0.0": [-2.5, 0, 0],
						"0.0417": [-2.44035, 0, 0],
						"0.0833": [-2.26147, 0, 0],
						"0.125": [-1.96477, 0, 0],
						"0.1667": [-1.55509, 0, 0],
						"0.4583": [3.25656, 0, 0],
						"0.625": [5.60157, 0, 0],
						"0.6667": [5.95647, 0, 0],
						"0.7083": [6.20401, 0, 0],
						"0.75": [6.3425, 0, 0],
						"0.7917": [6.37204, 0, 0],
						"0.8333": [6.29533, 0, 0],
						"1.0": [5, 0, 0],
						"1.4583": [-0.1497, 0, 0],
						"1.75": [-2.08229, 0, 0],